idPessoa,nome,dataNascimento
1,Nome1,20/07/1953
2,Nome2,16/07/1971
3,Nome3,09/07/1997
4,Nome4,17/07/1964
5,Nome5,15/07/1974
6,Nome6,11/07/1989
7,Nome7,11/07/1988
8,Nome8,13/07/1981
9,Nome9,16/07/1970
10,Nome10,10/07/1992
11,Nome11,09/07/1996
12,Nome12,18/07/1960
13,Nome13,18/07/1962
14,Nome14,18/07/1961
15,Nome15,19/07/1957
16,Nome16,09/07/1998
17,Nome17,19/07/1959
18,Nome18,08/07/2002
19,Nome19,20/07/1953
20,Nome20,10/07/1995
21,Nome21,19/07/1958
22,Nome22,16/07/1969
23,Nome23,11/07/1989
24,Nome24,14/07/1976
25,Nome25,08/07/2000
26,Nome26,18/07/1963
27,Nome27,08/07/2001
28,Nome28,09/07/1997
29,Nome29,11/07/1991
30,Nome30,07/07/2005
31,Nome31,17/07/1965
32,Nome32,14/07/1976
33,Nome33,17/07/1966
34,Nome34,09/07/1999
35,Nome35,12/07/1985
36,Nome36,11/07/1988
37,Nome37,15/07/1972
38,Nome38,12/07/1984
39,Nome39,17/07/1966
40,Nome40,18/07/1963
41,Nome41,13/07/1983
42,Nome42,11/07/1989
43,Nome43,16/07/1971
44,Nome44,19/07/1956
45,Nome45,17/07/1964
46,Nome46,18/07/1961
47,Nome47,14/07/1978
48,Nome48,16/07/1971
49,Nome49,17/07/1965
50,Nome50,18/07/1960
51,Nome51,11/07/1988
52,Nome52,16/07/1971
53,Nome53,08/07/2001
54,Nome54,13/07/1982
55,Nome55,07/07/2005
56,Nome56,11/07/1990
57,Nome57,13/07/1980
58,Nome58,14/07/1976
59,Nome59,08/07/2001
60,Nome60,12/07/1986
61,Nome61,19/07/1958
62,Nome62,11/07/1989
63,Nome63,19/07/1956
64,Nome64,17/07/1967
65,Nome65,08/07/2002
66,Nome66,17/07/1967
67,Nome67,10/07/1992
68,Nome68,16/07/1968
69,Nome69,20/07/1954
70,Nome70,13/07/1982
71,Nome71,11/07/1988
72,Nome72,16/07/1969
73,Nome73,13/07/1983
74,Nome74,09/07/1996
75,Nome75,16/07/1970
76,Nome76,17/07/1966
77,Nome77,11/07/1991
78,Nome78,11/07/1988
79,Nome79,17/07/1965
80,Nome80,16/07/1970
81,Nome81,20/07/1953
82,Nome82,09/07/1997
83,Nome83,18/07/1961
84,Nome84,15/07/1975
85,Nome85,10/07/1995
86,Nome86,13/07/1982
87,Nome87,16/07/1970
88,Nome88,18/07/1962
89,Nome89,17/07/1966
90,Nome90,20/07/1955
91,Nome91,18/07/1963
92,Nome92,15/07/1974
93,Nome93,15/07/1972
94,Nome94,10/07/1994
95,Nome95,11/07/1990
96,Nome96,09/07/1997
97,Nome97,15/07/1974
98,Nome98,18/07/1963
99,Nome99,10/07/1994
100,Nome100,20/07/1955
